Datetime,Water Level (m)
2025-12-08 12:00:00,-0.35752213
2025-12-08 13:00:00,-0.4831534
2025-12-08 14:00:00,-0.58727145
2025-12-08 15:00:00,-0.6785536
2025-12-08 16:00:00,-0.69520426
2025-12-08 17:00:00,-0.34415156
2025-12-08 18:00:00,0.15783
2025-12-08 19:00:00,0.5431188
2025-12-08 20:00:00,0.7657781
2025-12-08 21:00:00,0.79645073
2025-12-08 22:00:00,0.5945733
2025-12-08 23:00:00,0.2045324
2025-12-09 00:00:00,-0.07250692
2025-12-09 01:00:00,-0.24962234
2025-12-09 02:00:00,-0.37065914
2025-12-09 03:00:00,-0.48228228
2025-12-09 04:00:00,-0.57580227
2025-12-09 05:00:00,-0.57466567
2025-12-09 06:00:00,-0.22655644
2025-12-09 07:00:00,0.17545947
2025-12-09 08:00:00,0.3878037
2025-12-09 09:00:00,0.43883
2025-12-09 10:00:00,0.34458324
2025-12-09 11:00:00,0.08950569
2025-12-09 12:00:00,-0.18144378
2025-12-09 13:00:00,-0.3625313
2025-12-09 14:00:00,-0.49407294
2025-12-09 15:00:00,-0.5976359
2025-12-09 16:00:00,-0.67480594
2025-12-09 17:00:00,-0.61297786
2025-12-09 18:00:00,-0.13787106
2025-12-09 19:00:00,0.29300788
2025-12-09 20:00:00,0.56983006
2025-12-09 21:00:00,0.6844959
2025-12-09 22:00:00,0.62344277
2025-12-09 23:00:00,0.36604628
2025-12-10 00:00:00,0.05292281
2025-12-10 01:00:00,-0.1552663
2025-12-10 02:00:00,-0.30013928
2025-12-10 03:00:00,-0.41512573
2025-12-10 04:00:00,-0.52509665
2025-12-10 05:00:00,-0.6113661
2025-12-10 06:00:00,-0.5652099
2025-12-10 07:00:00,-0.1868062
2025-12-10 08:00:00,0.15975429
2025-12-10 09:00:00,0.3352542
2025-12-10 10:00:00,0.36495578
2025-12-10 11:00:00,0.25751188
2025-12-10 12:00:00,0.017726878
2025-12-10 13:00:00,-0.2133495
2025-12-10 14:00:00,-0.37445945
2025-12-10 15:00:00,-0.49035105
2025-12-10 16:00:00,-0.57763124
2025-12-10 17:00:00,-0.6196989
2025-12-10 18:00:00,-0.45046228
2025-12-10 19:00:00,-0.027772034
2025-12-10 20:00:00,0.30580303
2025-12-10 21:00:00,0.5085782
2025-12-10 22:00:00,0.5582909
2025-12-10 23:00:00,0.45815971
2025-12-11 00:00:00,0.20605731
2025-12-11 01:00:00,-0.042015735
2025-12-11 02:00:00,-0.21999612
2025-12-11 03:00:00,-0.3530116
2025-12-11 04:00:00,-0.46146774
2025-12-11 05:00:00,-0.56468093
2025-12-11 06:00:00,-0.62653923
2025-12-11 07:00:00,-0.53444886
2025-12-11 08:00:00,-0.16034044
2025-12-11 09:00:00,0.14057584
2025-12-11 10:00:00,0.2950897
2025-12-11 11:00:00,0.31413737
2025-12-11 12:00:00,0.22099085
2025-12-11 13:00:00,0.01987239
2025-12-11 14:00:00,-0.19359133
2025-12-11 15:00:00,-0.34777188
2025-12-11 16:00:00,-0.45555466
2025-12-11 17:00:00,-0.5239369
2025-12-11 18:00:00,-0.5283128
2025-12-11 19:00:00,-0.32288808
2025-12-11 20:00:00,0.012029643
2025-12-11 21:00:00,0.2749381
2025-12-11 22:00:00,0.41886264
2025-12-11 23:00:00,0.42492652
2025-12-12 00:00:00,0.30560803
2025-12-12 01:00:00,0.093654625
2025-12-12 02:00:00,-0.106434405
2025-12-12 03:00:00,-0.261889
2025-12-12 04:00:00,-0.38758236
2025-12-12 05:00:00,-0.49372983
2025-12-12 06:00:00,-0.5844462
2025-12-12 07:00:00,-0.61982846
2025-12-12 08:00:00,-0.48349088
2025-12-12 09:00:00,-0.1419758
2025-12-12 10:00:00,0.12148882
2025-12-12 11:00:00,0.25886378
2025-12-12 12:00:00,0.2839529
2025-12-12 13:00:00,0.21836211
2025-12-12 14:00:00,0.052309573
2025-12-12 15:00:00,-0.15061572
2025-12-12 16:00:00,-0.30275527
2025-12-12 17:00:00,-0.40686604
2025-12-12 18:00:00,-0.46217608
2025-12-12 19:00:00,-0.45118165
2025-12-12 20:00:00,-0.28830072
2025-12-12 21:00:00,-0.020068813
2025-12-12 22:00:00,0.2012527
2025-12-12 23:00:00,0.3120481
2025-12-13 00:00:00,0.30109712
2025-12-13 01:00:00,0.19510916
2025-12-13 02:00:00,0.024774585
2025-12-13 03:00:00,-0.14561982
2025-12-13 04:00:00,-0.296926
2025-12-13 05:00:00,-0.42425933
2025-12-13 06:00:00,-0.5333959
2025-12-13 07:00:00,-0.62061006
2025-12-13 08:00:00,-0.64837974
2025-12-13 09:00:00,-0.47408575
2025-12-13 10:00:00,-0.12399986
2025-12-13 11:00:00,0.1254095
2025-12-13 12:00:00,0.25437564
2025-12-13 13:00:00,0.28771335
2025-12-13 14:00:00,0.233914
2025-12-13 15:00:00,0.08499552
2025-12-13 16:00:00,-0.103637934
2025-12-13 17:00:00,-0.2528985
2025-12-13 18:00:00,-0.35247314
2025-12-13 19:00:00,-0.4105665
2025-12-13 20:00:00,-0.4231852
2025-12-13 21:00:00,-0.3324721
2025-12-13 22:00:00,-0.10013095
2025-12-13 23:00:00,0.12607116
2025-12-14 00:00:00,0.24247874
2025-12-14 01:00:00,0.24018109
2025-12-14 02:00:00,0.15172274
2025-12-14 03:00:00,-0.008451517
2025-12-14 04:00:00,-0.17993931
2025-12-14 05:00:00,-0.3303094
2025-12-14 06:00:00,-0.46128738
2025-12-14 07:00:00,-0.5689249
2025-12-14 08:00:00,-0.65033334
2025-12-14 09:00:00,-0.665228
2025-12-14 10:00:00,-0.45510072
2025-12-14 11:00:00,-0.107825935
2025-12-14 12:00:00,0.14369462
